trial,balanced,moderate,greedy
0,56.8511526627,3429.2804885059,195515.9145190006
1,39.8149842555,3005.7861282568,185893.1434214886
2,133.2036495664,4236.4597669884,193314.7412545629
3,16.6610398085,3267.0348421906,199092.8762082531
4,131.2427535755,3723.9711966699,192190.0345046457
5,119.4198810391,3419.5268658956,204349.3972868296
6,36.8778732447,2822.6868557891,199394.4296375641
7,18.8208202190,2947.4228605063,190049.1316394921
8,133.4117674815,4409.7146309284,206767.6558871509
9,27.7549853119,3422.8944728589,211677.5742411855
10,131.5497592819,2347.6617935489,205576.4654434765
11,8.2181985913,3046.4392647657,197904.2943570385
12,25.0092239127,3611.9168332223,197884.8506107865
13,224.4929681324,3703.7854685336,202894.0749365024
14,438.2892236392,5950.7918906538,216511.4075579229
15,28.9591067523,3733.3047145826,205803.0702577808
16,118.2173940750,3569.4680141727,212150.0435870361
17,85.6242118031,4725.3619821678,204661.0224393998
18,496.0646821867,4421.1945082175,210973.0986899137
19,20.9255013793,4145.4071382611,208360.6168969263
20,140.2429688124,2654.8709280591,222090.2951122396
21,324.6098549608,3760.9616171689,213694.6640336764
22,67.9420928935,2528.7370198317,204171.3348868554
23,122.4224828592,4534.3237221958,206606.8659836153
24,84.5089678271,2879.1425502157,214684.2005216951
25,162.9633009690,4347.1073986421,213151.5275381934
26,9.3241933602,4611.2317708237,216783.5488221340
27,93.0729286558,3838.5555408600,205081.3786600040
28,60.2971273723,3693.7812917186,202186.2331006798
29,10.6531836685,3757.1323106133,211981.1448648552
30,95.5844126716,4223.1803205907,197351.9587992040
31,16.7235731460,4573.6217928961,207077.6624632980
32,7.7790762993,3548.3569346119,190133.9039000608
33,104.0211754845,2714.0722293125,211965.3575191284
34,383.9327146819,5406.7107391634,205586.4525216149
35,108.4792311492,3498.2139664178,201903.8613704488
36,401.3773447783,7086.6559419733,215221.9750399632
37,159.8454809727,3961.0215405502,210058.5219291478
38,124.6622065615,4119.8516376527,207086.4133740592
39,27.6515480122,4161.6645656586,204269.9910299953
40,44.1458201340,3617.5714338876,197904.5986259113
41,32.8707813336,3824.6982576769,192264.2536468696
42,65.9450692676,3159.2393311761,197538.4330553230
43,21.6430749037,3886.9607731342,196508.8836831789
44,116.8133838809,3148.4820417669,209556.5802757812
45,67.5847514210,4180.0360704898,203972.4870363325
46,11.9866928577,3550.1576643076,199948.0499727239
47,135.3322594510,3135.0870491043,225300.8628408717
48,49.3614470707,3872.5956551173,198263.7133634956
49,215.8737066526,5055.2916827633,212915.7939633734
50,74.9208986334,5020.8492558597,206066.5010095588
51,67.8866936091,4271.7041586001,209594.2179384838
52,94.8685098149,3590.6385463549,189243.2762964251
53,50.9800063365,3615.5282054312,193851.4740025076
54,52.8933212413,3391.3570023679,195834.1805108638
55,135.9401954827,4244.5730187023,198927.7218352826
56,237.8337896391,2781.1213739952,197449.9364967601
57,10.3055462939,3264.7237447104,223699.1239609310
58,61.2404703269,3984.4434807234,201900.6204564930
59,43.5119660484,4261.3764593461,210676.1058158828
60,145.6694846748,3189.4533968456,203822.0250893409
61,169.5623378164,3804.5080018358,198564.7990672969
62,25.9968533667,3338.3678503929,195938.3208429193
63,2.0727364699,3476.5037294473,197499.7213266791
64,110.9187235173,3790.4540162469,210924.3440701723
65,161.6331106442,4444.7003664661,205956.7223343838
66,189.2306917443,4692.7057758357,236535.4562054314
67,36.7583470835,4624.8333222826,205354.7917356571
68,355.7494619251,2423.5501852314,208066.7369884918
69,82.7489087422,3136.2174107747,197786.7476999660
70,3.2362714910,3902.3418534533,210770.3234671090
71,51.1811162406,3559.9623062385,186134.4178988344
72,23.1194205666,4350.3341369051,207991.4438574486
73,34.3605853798,3243.8316488003,190268.9972618845
74,203.0226400505,2195.5444297733,205193.6785609234
75,264.8704436627,6050.7784975876,215991.6038388060
76,106.0753384215,4206.9751488392,192058.0401861624
77,56.9380919543,4052.3104796793,191801.7754058075
78,10.5702982240,4030.3823781940,204686.6350499541
79,82.4715331574,4005.3782396935,213903.7297946446
80,37.9734481216,4080.0247619075,207627.0524209628
81,48.8807545724,3729.8266147640,216647.6777450917
82,167.0367894639,2367.1752325865,203756.1897075091
83,77.6645932021,3237.4876236731,202651.8235993056
84,151.1001494277,2482.9930093930,206827.8605147922
85,190.9572091077,4349.0610741158,197635.3439768784
86,21.7682749979,4489.4864823814,206456.9395799447
87,94.2841178788,4722.0094151449,203824.7794941878
88,162.0199377888,3996.5478266478,211514.5171114863
89,0.3656872861,3131.5210980518,183955.1979341179
90,217.2431939611,4948.5129623524,211995.5449738088
91,96.7001110667,2824.7508051940,197547.7622137652
92,33.5101581836,4264.2392572508,214559.2545290776
93,116.3913862100,4191.6615644388,198857.3631472964
94,110.7018182592,3180.1739688968,201457.5804882161
95,114.5190174529,4356.6637562841,195492.2089631626
96,8.4661239111,3851.3856408634,208909.0792949769
97,182.6584012610,3254.6477645545,198680.1126868193
98,103.0571264874,3768.4941687248,188783.4471987572
99,41.9096758931,3620.0606867163,195394.2620300635
100,12.8650548151,3256.4017325365,199683.2838191446
101,48.4958354032,4777.3340416428,219506.2531058722
102,99.1796925561,4906.9241993027,195968.6264803617
103,170.8915404411,3439.0379173135,213526.1985806291
104,20.5156749786,3152.2808788194,205420.0231851934
105,47.1943739218,3048.4239316890,197690.5490664155
106,24.3603591194,3260.5876218228,196112.5931019049
107,24.8726386023,3903.8152711836,201273.7800339235
108,52.9861717959,3850.5372256356,203083.1334238792
109,80.5539725726,2618.1205937749,200307.4472916510
110,285.1901492717,5387.8156244067,197398.6078380836
111,14.4767779549,3277.2904174058,204261.0205713524
112,47.2176467760,2959.8729865319,211932.7137412425
113,102.7518325704,3238.0095236451,204095.0341246717
114,65.5303104292,3932.0882219995,205627.5191953463
115,8.5425032533,3698.2871116715,196163.7885691626
116,50.4552637777,4780.7238584534,204883.0000024340
117,192.0641849260,6983.5348637273,228273.1534284435
118,138.0105453803,3858.8328424987,205933.4880428894
119,11.5472403770,4630.8863339756,198146.4922831481
120,56.5140755967,3751.9253440555,198201.8435904862
121,40.3531145019,4042.1389780675,191838.6245339327
122,47.4380795186,3402.1689582444,197824.1713489523
123,51.2898046875,4533.2697590798,194644.5761349468
124,274.7823686643,3994.8787360148,206452.5160741412
125,49.6865216378,4785.3607983402,216257.2924123573
126,33.0358759174,4081.1246914516,206312.6455733493
127,108.2420978262,3833.4080664985,191958.6345270134
128,66.4383785233,3576.2142335826,193692.7018670161
129,177.6886840207,3518.4079400217,213213.6574895991
130,265.8218252667,2405.2370622913,212393.3884570542
131,193.7737155460,3857.4103037553,206132.7266307361
132,82.4982115453,3990.4823671333,228248.3223338680
133,201.7354701826,3676.5813634277,201061.8856563282
134,56.8680001803,4016.2410762452,205325.1734269997
135,23.1045925027,4591.8219390516,200696.9837109479
136,103.5288484649,2794.9217333651,189160.0671338212
137,76.5757406483,3242.7613774679,206911.9678324014
138,151.9951403261,4589.4324592515,206211.6512836207
139,69.8638541603,4257.0266616427,203764.5826043816
140,98.9312263195,3634.9325711927,217944.8854653254
141,70.9322952232,4261.6748932431,212963.7326777624
142,1.2870134653,3823.9499613785,200809.0022113031
143,54.5514517271,3384.2976127256,202828.1088551539
144,33.5845724038,4291.2612259024,200118.7315696617
145,352.6023101122,4631.9452868040,216063.2812470022
146,233.0665302212,3136.7711561209,195908.2120622375
147,103.8048299944,4314.4804895063,199126.5024869024
148,47.8145600707,3791.9871259291,204119.4579838322
149,1.5968889848,3539.9226043517,189755.8684860100
150,50.4314154501,2633.1834380447,202670.4864237713
151,40.0538190336,2831.1624602295,181929.3555983314
152,81.7183207788,2609.7187442485,185010.8361886539
153,46.0436562585,4194.2978690941,185589.9438135714
154,36.1496940908,3057.1782620927,194660.4173372099
155,1.6346100282,3240.8703157965,191588.2199748397
156,60.1303064026,4048.3421607404,200152.6179745368
157,20.0084329226,3716.7473292648,198997.7709477288
158,48.6865878649,4548.4966897954,217773.2001775364
159,106.6192601755,3332.8970833230,204374.5300931862
160,135.7086402633,4545.4154664099,199912.2662629578
161,44.3988021093,3989.6902706357,199457.8154584301
162,72.2749287540,4244.8580983657,196271.5549877828
163,154.9652544670,3047.9947090675,215084.5770480461
164,79.6217434575,3045.2268949522,198387.1672665653
165,368.4530031079,4384.3970283164,224090.4054382336
166,65.9856027978,3416.8970518678,197754.5266827662
167,94.7959535155,3375.9963764229,210358.5112640739
168,7.9189069834,4359.7578388787,214587.8314833787
169,159.2824353186,2618.5423186532,204196.3196664365
170,345.0910181797,6045.0549871438,223993.0815074474
171,204.5103952668,4220.3313477325,220571.7967360372
172,57.9451653489,3561.2446610811,207979.7600662935
173,81.5987616321,3815.2372088593,195060.3423787222
174,4.2256493648,3698.9417473407,205170.2546326142
175,82.0505003409,3435.2391688335,194469.5425612118
176,146.1865547438,4528.3481993841,209685.5595672540
177,103.4778427320,3847.2884650724,205247.7220817759
178,226.0646740884,4440.3232580012,200341.5260639543
179,195.4393277496,3462.9804398436,207089.9532288110
180,33.3776157468,3807.9467803547,208271.5007373872
181,107.8561496053,3621.5453110395,186064.4915634650
182,106.2504867525,4117.6421631759,215072.5680026837
183,50.1824500272,4417.6857259499,203106.7115065006
184,135.1013600553,3506.4922164277,198145.8032107127
185,68.2180197661,3315.4248916936,183548.7495378985
186,191.1579719437,4134.2197181070,190413.2201687491
187,8.9164355571,2821.8244935441,202785.3900067579
188,63.3830468487,3726.2802818744,196501.3685158711
189,14.1566216974,3537.4285822039,190220.3034134065
190,40.4538902775,3719.3564899623,198385.0000577932
191,14.7639162291,3683.3194030019,228012.6027186150
192,29.7037341760,3075.2720933943,186847.7504537023
193,34.8364594772,4511.2948201981,195704.4137999991
194,12.1098413085,3919.5193958569,202785.5399199986
195,21.9510322614,3804.6906122909,209636.5237357926
196,84.6542537223,3024.4877917191,201668.4196384797
197,216.7301894977,5099.7740659805,208689.2237229744
198,312.0928964780,3670.4125946587,206020.9978911028
199,60.5077160726,3819.1978567373,218644.5375349634
200,20.8195696635,3368.9346440629,194186.7218125903
201,57.0470552091,4331.8517164620,199825.6869514128
202,35.5707282476,5240.7994987638,198676.8072585757
203,37.9009727707,3906.0619258685,191292.9786165518
204,83.1680295084,4586.3935552797,209853.9383498459
205,259.7090253046,5753.8480029676,208794.3817228960
206,25.6083649157,3929.0697446430,198583.2018499053
207,139.2101781113,3219.7026953427,214328.5693764160
208,129.0995077962,2676.4162023987,203525.0507600173
209,54.5130638377,3297.3967443347,203120.9164453722
210,36.3805983314,3691.1649661681,197533.7029163482
211,118.3008309742,4485.0413315463,217953.4094233118
212,263.2905815556,4249.1110110323,202736.4153557587
213,89.5288167451,3791.4611904152,192580.8632548139
214,35.6704109759,3522.5814859569,186663.7546637561
215,101.6067700317,4304.2712889156,196617.7245333883
216,20.9416104124,3400.4197630648,210254.7776842642
217,61.6097767322,3566.0003023440,198493.9159502187
218,319.3566433761,5841.9243702243,202358.5962113563
219,52.8912050075,4002.1818751020,199764.1821707724
220,53.0150816537,4235.3668024992,195566.2359684656
221,102.8919063708,4912.2826847171,208065.6096045806
222,32.7340088946,3785.0913854061,184039.7560703637
223,1161.4452803202,1845.5662952693,228404.5059659172
224,66.2645711024,3922.1417535746,208939.9775190153
225,16.5292783007,3574.5827171607,201109.6723651953
226,196.5878811434,4373.4214947393,201022.8131457138
227,169.4199812781,3183.9639152418,192538.8524071416
228,123.3621692588,4528.5982510581,186858.2404122975
229,35.0246865768,3618.3545308851,197009.3360857405
230,73.2250814369,2718.3042530008,219483.7009686851
231,5.1667163149,3330.9816023823,198444.1422808834
232,18.1340111502,3403.6245859830,206033.0251368748
233,30.8090658740,4138.7566136752,228402.8824453075
234,322.3586759635,4758.0451803240,217538.8611908153
235,51.5511189580,3850.7340705673,206633.6477130823
236,18.9470404622,2886.0725327968,198241.8760725126
237,108.2747670461,5192.8998874345,214168.6821802461
238,126.3797087449,3418.3099546930,197646.1961012769
239,88.3537230814,5067.3690967339,211198.4772140536
240,28.8027812668,3830.4999554363,196754.4896996760
241,19.9102587400,3647.0284604729,199494.3607837016
242,190.3394327783,5040.9599236438,220991.2304674835
243,65.7795391028,3983.5461341852,209106.5205679022
244,3.4839839640,3106.8501113954,190751.0213726252
245,67.8589209818,3674.1852029768,199691.0060096106
246,40.3914474716,2811.7245589690,203098.1752834822
247,99.6684199493,3835.7599340814,206063.2918354129
248,22.5156706793,3691.4101985206,197807.1531962577
249,126.7500105464,4633.3044897009,210517.7375328531
250,56.6992735873,3625.3517948712,203439.7668125688
251,30.4821586873,4170.7550938350,194248.5942238722
252,93.6469314951,3627.4236300563,196973.6216173777
253,124.8021271759,4823.8959090521,205676.3450950610
254,170.5695051777,3036.5208720366,195050.6507375336
255,23.9876945842,3476.0864571229,195106.5504717944
256,127.8560217738,2361.5092492107,188805.0217974483
257,24.2826342750,4067.7055116357,198474.2653814795
258,58.9466553792,3716.7422315985,212143.2542653233
259,68.7133110811,3082.2475846065,192768.9514015503
260,30.7668365418,3197.8656634935,206350.4878831977
261,24.7575227978,3139.1606728405,181278.1780968327
262,194.2949075485,4298.1785997955,200012.4162115549
263,420.7725580695,3495.2744864753,210308.5098177041
264,76.6640191664,4978.1259848485,212680.7082510326
265,58.5477872358,3222.8511626605,205772.5376212432
266,28.8580358980,3994.4283264055,204441.5237344878
267,51.2861684996,3938.6040284395,221814.7398419372
268,266.6045769446,3843.0814076916,204864.5915019724
269,123.8460650298,2549.5651225104,200886.2983667023
270,58.2324824468,3647.7265884105,214643.1248902787
271,74.2833009810,4177.3598581449,204919.2258931198
272,6.2418500416,3911.4912334966,201378.6345302600
273,74.0883170274,3664.9657151168,201465.5305295078
274,171.2197603276,2638.4254287675,211134.4891952417
275,140.3211469618,3889.3913987296,205152.2943739573
276,180.6095940474,2759.4395738422,207022.6450131121
277,76.5718228553,3976.1676124148,191570.4815110538
278,77.0218121730,3057.1273936923,199554.9174504532
279,63.6025020707,3729.2100241736,205673.0377692180
280,163.0122496970,3748.8416586743,209387.6029108238
281,718.2844381279,6526.0776177138,230138.6328584242
282,31.7791604185,3714.7034380594,192798.6342678688
283,78.8856670244,2850.0395670329,197000.6842741935
284,263.6695278066,3197.8159268611,212497.7009772488
285,9.1581612894,3566.6843318753,210007.9395513968
286,129.8945542578,3933.0386702640,202537.7715179249
287,62.1583340873,4699.7813409020,219375.4997186175
288,116.7567366807,3609.6004131321,214704.0652634032
289,262.9902502558,4460.8185543230,205287.7945374078
290,18.2687204718,3945.0908469586,210137.5544164277
291,98.3969582831,2806.9772969156,205877.1575306940
292,70.8363315037,3193.1267675965,215955.8664431280
293,268.9655024632,4376.2308322832,204380.8918949165
294,81.0498066030,4254.2768957584,195730.5364039475
295,112.7294003603,4271.0204255444,191005.8962691014
296,33.6389611200,3930.1441607195,195614.1271235231
297,79.9402638681,4782.5559391909,192798.7413414082
298,68.3609862176,3960.9031960874,204216.2276413972
299,253.6235088196,4160.3337020992,208253.0579619755
